[
    {
        "name": "Sumit Sachan",
        "linkedin": "https://www.linkedin.com/in/sumit-sachan-030254223",
        "github": "https://github.com/sumit718",
        "email": "sumitsachan995@gmail.com",
        "phone": "+919561978931",
        "image": "./src/img/con2.jpg",
        "desc":"Team Lead , Developer"
      },
      {
        "name": "Vaibhav Yadav",
        "linkedin": "https://www.linkedin.com/in/vaibhav-yadav-769a35268/",
        "github": "https://github.com/mikki25",
        "email": "vaibhav.yadav.ee.2021@miet.ac.in",
        "phone": "+917668024141",
        "image": "./src/img/con3.jpg",
        "desc":"Co-lead , Software Developer"
      },
   
    {
      "name": "S Althaf",
      "linkedin": "https://www.linkedin.com/in/althaf-shaik-802b04258",
      "github": "https://github.com/syedalthaf786",
      "email": "syedalthaf760@gmail.com",
      "phone": "+916305010479",
      "image": "./src/img/con1.jpg",
      "desc":"Full Stack Developer"
    },
      {
        "name": "G Prabhas",
        "linkedin": "https://www.linkedin.com/in/gampala-prabhas-b2001722a",
        "github": "https://github.com/",
        "email": "prabas.gampala13@gmail.com",
        "phone": "+1234567890",
        "image": "./src/img/con4.jpg",
        "desc":"Full Stack Developer"
        

      },
      {
        "name": "Tanmay Kadwe",
        "linkedin": "https://www.linkedin.com/in/tanmay-kadwe-a983b1272",
        "github": "https://github.com/TANMAY6317",
        "email": "tanmayk1703@gmail.com",
        "phone": "+918767777534",
        "image": "./src/img/con5.jpg",
        "desc":"Designer"
      }
  ]